"Component.x","Size.x","Component.y","Size.y","count"
"10",1,"9",1,1
"1005",1,"339",1,1
"1007",1,"1006",1,1
"1009",1,"1000",1,1
"1009",1,"1001",1,1
"1009",1,"1002",1,1
"1009",1,"1003",1,1
"1009",1,"1004",1,1
"1009",1,"1005",1,1
"1009",1,"1007",1,1
"1009",1,"1008",1,1
"1009",1,"83",1,1
"1009",1,"882",601,2
"1009",1,"962",1,1
"1009",1,"999",1,1
"1010",1,"98",1,1
"1011",1,"1010",1,1
"1011",1,"882",601,1
"1012",1,"882",601,2
"1013",1,"102",1,1
"1014",1,"882",601,2
"1015",1,"9",1,1
"102",1,"101",1,1
"1020",1,"1019",1,1
"1020",1,"882",601,1
"1021",1,"1016",1,1
"1021",1,"1017",1,1
"1021",1,"1018",1,1
"1021",1,"1020",1,1
"1023",1,"1022",1,1
"1023",1,"747",1,1
"1025",1,"1024",1,1
"1025",1,"344",1,1
"1026",1,"1025",1,1
"1026",1,"677",1,1
"1026",1,"854",1,1
"1028",1,"473",1,1
"1029",1,"1026",1,1
"1029",1,"1027",1,1
"1029",1,"1028",1,1
"1029",1,"473",1,1
"1029",1,"882",601,4
"103",1,"100",1,1
"103",1,"102",1,1
"1031",1,"882",601,1
"1033",1,"1032",1,1
"1033",1,"882",601,3
"1036",1,"12",1,1
"1037",1,"12",1,1
"1037",1,"86",1,1
"1037",1,"88",1,1
"1037",1,"882",601,5
"1037",1,"980",1,1
"1037",1,"985",1,1
"1038",1,"474",1,1
"1039",1,"206",1,1
"1041",1,"1040",1,1
"1043",1,"1041",1,1
"1043",1,"1042",1,1
"1043",1,"882",601,3
"1044",1,"1043",1,1
"1044",1,"12",1,1
"1044",1,"882",601,1
"1045",1,"882",601,1
"1047",1,"1046",1,1
"1047",1,"17",1,1
"1047",1,"752",1,1
"1048",1,"1047",1,1
"1048",1,"615",1,1
"1049",1,"201",1,1
"1051",1,"1050",1,1
"1051",1,"587",1,1
"1051",1,"976",1,1
"1052",1,"297",1,1
"1053",1,"1052",1,1
"1056",1,"1054",1,1
"1056",1,"1055",1,1
"1056",1,"882",601,1
"1057",1,"533",1,1
"1058",1,"921",1,1
"1059",1,"1058",1,1
"1059",1,"109",1,1
"1059",1,"385",1,1
"1059",1,"401",1,1
"1059",1,"467",1,1
"1059",1,"882",601,4
"106",1,"105",1,1
"1061",1,"1060",1,1
"1061",1,"15",1,1
"1061",1,"159",1,1
"1061",1,"22",9,1
"1061",1,"32",1,1
"1061",1,"632",1,1
"1063",1,"1062",1,1
"1063",1,"223",1,1
"1063",1,"227",1,1
"1063",1,"541",1,1
"1064",1,"1063",1,1
"1064",1,"238",1,1
"1064",1,"61",1,1
"1064",1,"882",601,1
"1066",1,"1065",1,1
"1066",1,"882",601,1
"1068",1,"1067",1,1
"1069",1,"1068",1,1
"1069",1,"477",1,1
"1069",1,"882",601,1
"107",1,"106",1,1
"1073",1,"1070",1,1
"1073",1,"1071",1,1
"1073",1,"1072",1,1
"1073",1,"882",601,3
"1076",1,"1075",1,1
"1077",1,"1076",1,1
"1077",1,"882",601,2
"1079",1,"1078",1,1
"1079",1,"854",1,1
"1080",1,"1078",1,1
"1080",1,"854",1,1
"1083",1,"102",1,1
"1087",1,"1086",1,1
"1087",1,"425",1,1
"1087",1,"857",1,1
"1090",1,"1088",1,1
"1090",1,"1089",1,1
"1090",1,"882",601,4
"1093",1,"882",601,1
"1094",1,"1093",1,1
"1095",1,"1090",1,1
"1095",1,"1091",1,1
"1095",1,"1092",1,1
"1095",1,"1094",1,1
"1095",1,"22",9,1
"1095",1,"305",1,1
"1095",1,"882",601,1
"1096",1,"752",1,1
"1098",1,"882",601,1
"1099",1,"882",601,1
"110",1,"12",1,1
"1100",1,"1099",1,1
"1101",1,"882",601,2
"1102",1,"12",1,1
"1104",1,"1041",1,1
"1104",1,"1102",1,1
"1104",1,"1103",1,1
"1104",1,"882",601,1
"1105",1,"22",9,2
"1106",1,"882",601,1
"1107",1,"882",601,1
"1108",1,"882",601,1
"1109",1,"882",601,1
"111",1,"110",1,1
"1111",1,"727",1,1
"1113",1,"1112",1,1
"1113",1,"882",601,1
"1117",1,"1115",1,1
"1117",1,"1116",1,1
"1117",1,"593",1,1
"1118",1,"12",1,1
"1119",1,"73",1,1
"1120",1,"1119",1,1
"1120",1,"882",601,2
"1122",1,"1121",1,1
"1123",1,"1122",1,1
"1124",1,"341",1,1
"1125",1,"1034",1,1
"1125",1,"1124",1,1
"1125",1,"302",1,1
"1125",1,"882",601,1
"1125",1,"940",1,1
"1126",1,"1125",1,1
"1127",1,"82",1,1
"1127",1,"83",1,1
"1127",1,"961",1,1
"1127",1,"962",1,1
"1127",1,"999",1,1
"1129",1,"383",1,1
"1129",1,"882",601,2
"113",1,"111",1,1
"113",1,"112",1,1
"1130",1,"882",601,1
"1131",1,"882",601,1
"1132",1,"882",601,1
"1133",1,"1132",1,1
"1133",1,"18",1,1
"1133",1,"311",1,1
"1133",1,"312",1,1
"1133",1,"703",1,1
"1133",1,"882",601,2
"1134",1,"882",601,1
"1135",1,"537",1,1
"1136",1,"1135",1,1
"1137",1,"1033",1,1
"1137",1,"882",601,1
"1138",1,"882",601,1
"1139",1,"22",9,2
"1140",1,"882",601,1
"1141",1,"882",601,1
"1141",1,"959",1,1
"1143",1,"1014",1,1
"1143",1,"1142",1,1
"1143",1,"882",601,1
"1145",1,"1143",1,1
"1146",1,"1014",1,1
"1146",1,"1142",1,1
"1146",1,"1144",1,1
"1146",1,"1145",1,1
"1146",1,"882",601,1
"1148",1,"1014",1,1
"1148",1,"1142",1,1
"1148",1,"1145",1,1
"1148",1,"1147",1,1
"1148",1,"752",1,1
"1148",1,"882",601,3
"1149",1,"1014",1,1
"1149",1,"1142",1,1
"1149",1,"1145",1,1
"1149",1,"882",601,1
"115",1,"113",1,1
"115",1,"114",1,1
"1150",1,"1014",1,1
"1150",1,"1142",1,1
"1150",1,"1145",1,1
"1150",1,"882",601,1
"1151",1,"1143",1,1
"1151",1,"1146",1,1
"1151",1,"1148",1,1
"1151",1,"1149",1,1
"1151",1,"1150",1,1
"1151",1,"882",601,1
"1153",1,"1152",1,1
"1153",1,"882",601,1
"1154",1,"1153",1,1
"1154",1,"882",601,1
"1156",1,"22",9,1
"1156",1,"882",601,1
"1159",1,"1157",1,1
"1159",1,"1158",1,1
"1159",1,"124",1,1
"1159",1,"14",1,1
"1159",1,"705",1,1
"1159",1,"882",601,1
"1160",1,"1158",1,1
"1160",1,"1159",1,1
"1160",1,"122",1,1
"1160",1,"124",1,1
"1160",1,"126",1,1
"1160",1,"127",1,1
"1160",1,"128",1,1
"1160",1,"131",1,1
"1160",1,"223",1,1
"1160",1,"706",1,1
"1160",1,"882",601,10
"1161",1,"962",1,1
"1161",1,"999",1,1
"1162",1,"1161",1,1
"1162",1,"963",1,1
"1164",1,"1163",1,1
"1164",1,"160",1,1
"1164",1,"882",601,2
"1166",1,"1165",1,1
"1167",1,"1164",1,1
"1167",1,"1166",1,1
"1167",1,"882",601,1
"1168",1,"1084",1,1
"1168",1,"882",601,1
"1169",1,"65",1,1
"1171",1,"1170",1,1
"1171",1,"882",601,1
"1174",1,"1172",1,1
"1174",1,"1173",1,1
"1174",1,"22",9,1
"1175",1,"131",1,1
"1175",1,"882",601,1
"1176",1,"714",1,1
"1177",1,"1176",1,1
"1178",1,"312",1,1
"1179",1,"1114",1,1
"1180",1,"1114",1,1
"1180",1,"1179",1,1
"1182",1,"1181",1,1
"1182",1,"328",1,1
"1183",1,"882",601,2
"1184",1,"206",1,1
"1184",1,"669",1,1
"1185",1,"26",1,1
"1185",1,"882",601,2
"1186",1,"1183",1,1
"1187",1,"159",1,1
"1187",1,"291",1,1
"1187",1,"728",1,1
"119",1,"117",1,1
"119",1,"118",1,1
"1192",1,"1189",1,1
"1192",1,"1190",1,1
"1192",1,"1191",1,1
"1192",1,"144",1,1
"1192",1,"520",1,1
"1192",1,"583",1,1
"1193",1,"1081",1,1
"1193",1,"1188",1,1
"1193",1,"1192",1,1
"1194",1,"939",1,1
"1195",1,"1118",1,1
"1196",1,"882",601,1
"1198",1,"1197",1,1
"1198",1,"882",601,2
"1199",1,"882",601,1
"12",1,"10",1,1
"12",1,"11",1,1
"12",1,"9",1,1
"1201",1,"1200",1,1
"1203",1,"656",1,1
"1203",1,"882",601,1
"1205",1,"1118",1,1
"1206",1,"4",1,1
"1206",1,"491",1,1
"1208",1,"882",601,1
"1209",1,"71",1,1
"121",1,"120",1,1
"1212",1,"1211",1,1
"1212",1,"611",1,1
"1213",1,"1014",1,1
"1213",1,"1145",1,1
"1213",1,"237",1,1
"1213",1,"882",601,1
"1215",1,"1214",1,1
"1215",1,"165",1,1
"1215",1,"882",601,4
"1216",1,"882",601,3
"1217",1,"1216",1,1
"1217",1,"915",1,1
"1218",1,"882",601,1
"1219",1,"882",601,1
"122",1,"121",1,1
"1220",1,"1219",1,1
"1220",1,"882",601,1
"1221",1,"83",1,1
"1221",1,"962",1,1
"1221",1,"999",1,1
"1222",1,"1221",1,1
"1222",1,"882",601,1
"1223",1,"1222",1,1
"1224",1,"882",601,1
"1226",1,"1223",1,1
"1226",1,"1224",1,1
"1226",1,"1225",1,1
"1226",1,"882",601,1
"1229",1,"1081",1,1
"1229",1,"1226",1,1
"1229",1,"1227",1,1
"1229",1,"1228",1,1
"1229",1,"184",1,1
"1229",1,"63",1,1
"1229",1,"715",1,1
"1229",1,"882",601,8
"1230",1,"12",1,1
"1230",1,"401",1,1
"1230",1,"882",601,1
"1231",1,"882",601,2
"1232",1,"1231",1,1
"1233",1,"1232",1,1
"1233",1,"131",1,1
"1233",1,"175",1,1
"1234",1,"882",601,1
"1238",1,"1235",1,1
"1238",1,"1236",1,1
"1238",1,"1237",1,1
"1238",1,"882",601,1
"1239",1,"1234",1,1
"1239",1,"1238",1,1
"1240",1,"1238",1,1
"1242",1,"1241",1,1
"1243",1,"1242",1,1
"1244",1,"1243",1,1
"1244",1,"882",601,1
"1245",1,"1244",1,1
"1246",1,"882",601,1
"1247",1,"385",1,1
"1248",1,"423",1,1
"1248",1,"76",1,1
"1249",1,"882",601,2
"1250",1,"473",1,1
"1252",1,"1251",1,1
"1252",1,"281",1,1
"1252",1,"882",601,1
"1253",1,"278",1,1
"1254",1,"882",601,1
"1256",1,"1255",1,1
"1256",1,"585",1,1
"1256",1,"882",601,2
"1257",1,"882",601,1
"1258",1,"1115",1,1
"1258",1,"1116",1,1
"1258",1,"882",601,2
"1259",1,"882",601,2
"1262",1,"882",601,1
"1264",1,"582",1,1
"1264",1,"703",1,1
"1264",1,"882",601,1
"1265",1,"1264",1,1
"1265",1,"14",1,1
"1265",1,"568",1,1
"1267",1,"882",601,1
"1268",1,"234",1,1
"1269",1,"1143",1,1
"1269",1,"1146",1,1
"1269",1,"1148",1,1
"1269",1,"1149",1,1
"1269",1,"1150",1,1
"1269",1,"1213",1,1
"127",1,"126",1,1
"1270",1,"882",601,1
"1270",1,"937",1,1
"1271",1,"304",1,1
"1272",1,"962",1,1
"1272",1,"999",1,1
"1273",1,"141",1,1
"1273",1,"593",1,1
"1273",1,"882",601,3
"1274",1,"882",601,1
"1275",1,"1274",1,1
"1277",1,"991",1,1
"1278",1,"1097",1,1
"1278",1,"1276",1,1
"1278",1,"1277",1,1
"128",1,"125",1,1
"128",1,"126",1,1
"128",1,"127",1,1
"1280",1,"1279",1,1
"1282",1,"1281",1,1
"1283",1,"882",601,1
"1284",1,"24",1,1
"1284",1,"63",1,1
"1284",1,"882",601,1
"1286",1,"921",1,1
"1287",1,"266",1,1
"1288",1,"1285",1,1
"1288",1,"1286",1,1
"1288",1,"1287",1,1
"1289",1,"882",601,1
"129",1,"123",1,1
"129",1,"124",1,1
"129",1,"128",1,1
"129",1,"63",1,1
"1290",1,"176",1,1
"1291",1,"1290",1,1
"1293",1,"339",1,1
"1293",1,"882",601,1
"1294",1,"339",1,1
"1295",1,"130",1,1
"1295",1,"227",1,1
"1295",1,"410",1,1
"1295",1,"882",601,1
"1297",1,"1296",1,1
"1297",1,"220",1,1
"1297",1,"882",601,3
"1299",1,"1298",1,1
"1299",1,"142",1,1
"1300",1,"1299",1,1
"1301",1,"882",601,1
"1302",1,"85",1,1
"1303",1,"57",1,1
"1303",1,"755",1,1
"1303",1,"882",601,2
"1304",1,"648",1,1
"1305",1,"216",1,1
"1305",1,"882",601,1
"1306",1,"651",1,1
"1308",1,"1014",1,1
"1308",1,"1142",1,1
"1308",1,"882",601,1
"1309",1,"269",1,1
"131",1,"130",1,1
"1311",1,"1310",1,1
"1313",1,"112",1,1
"1313",1,"113",1,1
"1313",1,"115",1,1
"1313",1,"1312",1,1
"1313",1,"882",601,6
"1314",1,"882",601,1
"1315",1,"882",601,1
"1316",1,"882",601,1
"1317",1,"1316",1,1
"1318",1,"882",601,2
"1319",1,"1318",1,1
"1319",1,"882",601,1
"132",1,"131",1,1
"1320",1,"1317",1,1
"1320",1,"1318",1,1
"1320",1,"1319",1,1
"1320",1,"718",1,1
"1320",1,"882",601,1
"1321",1,"882",601,1
"1322",1,"882",601,1
"1323",1,"484",1,1
"1323",1,"882",601,1
"1324",1,"181",1,1
"1324",1,"882",601,19
"1326",1,"882",601,1
"1327",1,"362",1,1
"1327",1,"882",601,1
"1328",1,"1076",1,1
"1332",1,"1331",1,1
"1333",1,"1329",1,1
"1333",1,"1330",1,1
"1333",1,"1332",1,1
"1333",1,"334",1,1
"1333",1,"882",601,2
"1334",1,"1333",1,1
"1342",1,"1122",1,1
"1342",1,"1185",1,1
"1342",1,"1335",1,1
"1342",1,"1336",1,1
"1342",1,"1337",1,1
"1342",1,"1338",1,1
"1342",1,"1339",1,1
"1342",1,"1340",1,1
"1342",1,"1341",1,1
"1342",1,"310",1,1
"1342",1,"831",1,1
"1342",1,"882",601,1
"1342",1,"939",1,1
"1342",1,"949",1,1
"1343",1,"643",1,1
"1345",1,"1343",1,1
"1345",1,"1344",1,1
"1345",1,"49",1,1
"1346",1,"867",1,1
"1346",1,"869",1,1
"1346",1,"892",1,1
"1346",1,"894",1,1
"1346",1,"895",1,1
"1346",1,"896",1,1
"1347",1,"882",601,2
"1348",1,"1347",1,1
"1348",1,"882",601,2
"1351",1,"1349",1,1
"1351",1,"1350",1,1
"1351",1,"882",601,1
"1352",1,"376",1,1
"1352",1,"456",1,1
"1352",1,"457",1,1
"1353",1,"798",1,1
"1353",1,"882",601,1
"1355",1,"1353",1,1
"1355",1,"1354",1,1
"1355",1,"195",1,1
"1355",1,"603",1,1
"1355",1,"882",601,1
"1356",1,"704",1,1
"1357",1,"6",1,1
"1357",1,"961",1,1
"1359",1,"882",601,1
"1360",1,"569",1,1
"1361",1,"1039",1,1
"1362",1,"11",1,1
"1362",1,"65",1,1
"1362",1,"74",1,1
"1362",1,"882",601,1
"1363",1,"239",1,1
"1363",1,"882",601,7
"1365",1,"1364",1,1
"1365",1,"563",1,1
"1365",1,"882",601,3
"1366",1,"699",1,1
"1367",1,"1366",1,1
"1367",1,"882",601,1
"1367",1,"952",1,1
"1368",1,"882",601,5
"1369",1,"882",601,1
"137",1,"136",1,1
"1370",1,"1369",1,1
"1371",1,"1370",1,1
"1372",1,"9",1,1
"1373",1,"742",1,1
"1373",1,"851",1,1
"1373",1,"882",601,1
"1374",1,"182",1,1
"1374",1,"401",1,1
"1376",1,"1375",1,1
"1376",1,"790",1,1
"1376",1,"882",601,1
"1377",1,"1376",1,1
"1377",1,"882",601,1
"1378",1,"321",1,1
"1378",1,"882",601,1
"1379",1,"1378",1,1
"1381",1,"1380",1,1
"1381",1,"215",1,1
"1381",1,"665",1,1
"1381",1,"934",1,1
"1382",1,"882",601,1
"1383",1,"1382",1,1
"1383",1,"25",1,1
"1383",1,"654",1,1
"1385",1,"1274",1,1
"1385",1,"1384",1,1
"1387",1,"1386",1,1
"1388",1,"1387",1,1
"1390",1,"119",1,1
"1390",1,"1389",1,1
"1392",1,"6",1,1
"1393",1,"1311",1,1
"1395",1,"1394",1,1
"1395",1,"872",1,1
"1395",1,"873",1,1
"1395",1,"874",1,1
"1395",1,"877",1,1
"1395",1,"878",1,1
"1397",1,"882",601,1
"1398",1,"882",601,2
"14",1,"13",1,1
"1400",1,"1399",1,1
"1400",1,"192",1,1
"1400",1,"882",601,1
"1401",1,"1400",1,1
"1401",1,"882",601,1
"1403",1,"119",1,1
"1403",1,"1238",1,1
"1403",1,"1401",1,1
"1403",1,"1402",1,1
"1403",1,"436",1,1
"1403",1,"438",1,1
"1403",1,"692",1,1
"1404",1,"1403",1,1
"1406",1,"1404",1,1
"1406",1,"1405",1,1
"1406",1,"882",601,2
"1408",1,"1407",1,1
"1410",1,"1114",1,1
"1410",1,"1376",1,1
"1410",1,"790",1,1
"1410",1,"882",601,2
"1411",1,"712",1,1
"1411",1,"882",601,2
"1412",1,"745",1,1
"1413",1,"882",601,1
"1414",1,"882",601,2
"1415",1,"882",601,1
"1417",1,"14",1,1
"1417",1,"1416",1,1
"1418",1,"882",601,1
"1419",1,"1263",1,1
"1419",1,"882",601,2
"142",1,"141",1,1
"1420",1,"882",601,2
"1422",1,"1421",1,1
"1422",1,"882",601,2
"1423",1,"1391",1,1
"1423",1,"882",601,1
"1425",1,"882",601,1
"1426",1,"473",1,1
"1426",1,"882",601,2
"1427",1,"961",1,1
"1429",1,"1428",1,1
"1429",1,"238",1,1
"1429",1,"410",1,1
"1429",1,"846",1,1
"1429",1,"882",601,3
"1430",1,"882",601,1
"1431",1,"385",1,1
"1432",1,"337",1,1
"1432",1,"355",1,1
"1437",1,"1210",1,1
"1437",1,"1323",1,1
"1437",1,"1433",1,1
"1437",1,"1434",1,1
"1437",1,"1435",1,1
"1437",1,"1436",1,1
"1437",1,"882",601,2
"1438",1,"882",601,1
"1439",1,"478",1,1
"1441",1,"113",1,1
"1441",1,"1440",1,1
"1441",1,"198",1,1
"1441",1,"882",601,3
"1442",1,"160",1,1
"1442",1,"227",1,1
"1442",1,"882",601,2
"1443",1,"882",601,1
"1444",1,"1443",1,1
"1444",1,"882",601,1
"1446",1,"699",1,1
"1448",1,"22",9,1
"1448",1,"882",601,1
"1449",1,"385",1,1
"145",1,"144",1,1
"1450",1,"882",601,1
"1451",1,"882",601,1
"1452",1,"882",601,1
"1453",1,"374",1,1
"1453",1,"882",601,2
"1453",1,"951",1,1
"1455",1,"1454",1,1
"1455",1,"882",601,1
"1456",1,"92",1,1
"1461",1,"1455",1,1
"1461",1,"1456",1,1
"1461",1,"1457",1,1
"1461",1,"1458",1,1
"1461",1,"1459",1,1
"1461",1,"1460",1,1
"1461",1,"254",1,1
"1461",1,"869",1,1
"1461",1,"882",601,1
"1463",1,"284",1,1
"1464",1,"882",601,2
"1465",1,"1464",1,1
"1466",1,"82",1,1
"1466",1,"961",1,1
"1466",1,"962",1,1
"1467",1,"882",601,4
"1469",1,"1462",1,1
"1471",1,"1469",1,1
"1471",1,"1470",1,1
"1471",1,"882",601,2
"1472",1,"1076",1,1
"1473",1,"12",1,1
"1474",1,"297",1,1
"1474",1,"882",601,1
"1474",1,"994",1,1
"1476",1,"882",601,1
"1477",1,"342",1,1
"1478",1,"882",601,3
"1480",1,"1479",1,1
"1480",1,"882",601,1
"1481",1,"848",1,1
"1483",1,"1482",1,1
"1483",1,"66",1,1
"1483",1,"74",1,1
"1485",1,"267",1,1
"1486",1,"1358",1,1
"1486",1,"1484",1,1
"1486",1,"1485",1,1
"1486",1,"883",1,1
"1486",1,"884",1,1
"1488",1,"1487",1,1
"1488",1,"882",601,2
"1489",1,"882",601,5
"1490",1,"229",1,1
"1490",1,"742",1,1
"1490",1,"755",1,1
"1490",1,"85",1,1
"1490",1,"882",601,2
"1492",1,"174",1,1
"1493",1,"46",1,1
"1494",1,"212",1,1
"1494",1,"218",1,1
"1494",1,"882",601,2
"1494",1,"955",1,1
"1497",1,"1409",1,1
"1498",1,"1496",1,1
"1498",1,"1497",1,1
"1498",1,"312",1,1
"15",1,"12",1,1
"15",1,"14",1,1
"1500",1,"1499",1,1
"1500",1,"256",1,1
"1501",1,"174",1,1
"1502",1,"679",1,1
"1502",1,"882",601,1
"1503",1,"1110",1,1
"1503",1,"882",601,1
"1504",1,"882",601,1
"1506",1,"1505",1,1
"1506",1,"479",1,1
"1506",1,"882",601,1
"1508",1,"1507",1,1
"1509",1,"83",1,1
"1509",1,"962",1,1
"1509",1,"999",1,1
"1510",1,"882",601,2
"1511",1,"882",601,2
"1512",1,"1385",1,1
"1515",1,"27",1,1
"1515",1,"312",1,1
"1515",1,"882",601,1
"1516",1,"448",1,1
"1517",1,"1092",1,1
"1519",1,"1127",1,1
"1519",1,"83",1,1
"1521",1,"1520",1,1
"1521",1,"882",601,1
"1522",1,"197",1,1
"1524",1,"65",1,1
"1524",1,"882",601,3
"1526",1,"1525",1,1
"1526",1,"65",1,1
"1526",1,"69",1,1
"1526",1,"817",1,1
"1526",1,"882",601,1
"1527",1,"882",601,1
"1530",1,"1528",1,1
"1530",1,"1529",1,1
"1530",1,"18",1,1
"1530",1,"620",1,1
"1531",1,"882",601,1
"1532",1,"339",1,1
"1533",1,"882",601,1
"1534",1,"882",601,3
"1535",1,"1534",1,1
"1535",1,"882",601,1
"1536",1,"410",1,1
"1537",1,"1536",1,1
"1537",1,"410",1,1
"1538",1,"921",1,1
"1539",1,"1192",1,1
"154",1,"153",1,1
"1540",1,"1282",1,1
"1541",1,"882",601,1
"1542",1,"3",1,1
"1542",1,"882",601,4
"1546",1,"22",9,1
"1547",1,"882",601,1
"1549",1,"882",601,1
"1550",1,"1167",1,1
"1550",1,"1549",1,1
"1550",1,"882",601,3
"1550",1,"955",1,1
"1551",1,"1550",1,1
"1552",1,"1192",1,1
"1552",1,"1314",1,1
"1552",1,"1380",1,1
"1552",1,"1445",1,1
"1552",1,"1491",1,1
"1552",1,"1543",1,1
"1552",1,"1544",1,1
"1552",1,"1545",1,1
"1552",1,"1546",1,1
"1552",1,"1547",1,1
"1552",1,"1548",1,1
"1552",1,"1551",1,1
"1552",1,"521",1,1
"1552",1,"564",1,1
"1552",1,"882",601,1
"1553",1,"882",601,1
"1554",1,"497",1,1
"1554",1,"882",601,1
"1555",1,"882",601,1
"1556",1,"1555",1,1
"1557",1,"1260",1,1
"1557",1,"882",601,2
"1558",1,"56",1,1
"1558",1,"882",601,1
"156",1,"155",1,1
"1560",1,"882",601,1
"1564",1,"479",1,1
"1564",1,"882",601,1
"1565",1,"882",601,1
"1566",1,"232",1,1
"1569",1,"1085",1,1
"1569",1,"1380",1,1
"1569",1,"1567",1,1
"1569",1,"1568",1,1
"1569",1,"882",601,1
"1570",1,"1105",1,1
"1571",1,"446",1,1
"1571",1,"882",601,1
"1572",1,"739",1,1
"1572",1,"882",601,1
"1574",1,"1573",1,1
"1574",1,"6",1,1
"1574",1,"853",1,1
"1574",1,"857",1,1
"1574",1,"882",601,9
"1575",1,"882",601,1
"1576",1,"882",601,1
"1578",1,"1577",1,1
"1579",1,"1009",1,1
"1583",1,"1407",1,1
"1583",1,"1581",1,1
"1583",1,"1582",1,1
"1584",1,"677",1,1
"1586",1,"1585",1,1
"1586",1,"259",1,1
"1587",1,"882",601,1
"1588",1,"20",1,1
"1589",1,"12",1,1
"159",1,"157",1,1
"159",1,"158",1,1
"1590",1,"882",601,1
"1592",1,"1591",1,1
"1592",1,"882",601,2
"1594",1,"882",601,1
"1595",1,"882",601,1
"1596",1,"882",601,2
"1597",1,"882",601,1
"1598",1,"1030",1,1
"1598",1,"460",1,1
"1599",1,"322",1,1
"160",1,"14",1,1
"160",1,"159",1,1
"160",1,"48",1,1
"1600",1,"882",601,2
"1602",1,"1601",1,1
"1602",1,"310",1,1
"1602",1,"311",1,1
"1603",1,"1602",1,1
"1605",1,"882",601,2
"1606",1,"329",1,1
"1607",1,"385",1,1
"1608",1,"882",601,1
"1609",1,"1359",1,1
"1610",1,"882",601,1
"1611",1,"619",1,1
"1614",1,"143",1,1
"1614",1,"1613",1,1
"1615",1,"882",601,1
"1616",1,"1614",1,1
"1616",1,"1615",1,1
"1616",1,"871",1,1
"1617",1,"882",601,1
"1618",1,"259",1,1
"1618",1,"882",601,1
"1619",1,"839",1,1
"1620",1,"250",1,1
"1620",1,"882",601,1
"1621",1,"882",601,1
"1622",1,"312",1,1
"1623",1,"882",601,1
"1626",1,"78",1,1
"1627",1,"1624",1,1
"1627",1,"1625",1,1
"1627",1,"1626",1,1
"1628",1,"1627",1,1
"1629",1,"310",1,1
"1629",1,"55",1,1
"1629",1,"882",601,3
"1630",1,"882",601,1
"1631",1,"197",1,1
"1632",1,"882",601,2
"1633",1,"1403",1,1
"1634",1,"1187",1,1
"1635",1,"882",601,1
"1637",1,"1513",1,1
"1637",1,"1627",1,1
"1637",1,"1636",1,1
"1637",1,"889",1,1
"1637",1,"891",1,1
"1637",1,"893",1,1
"1637",1,"894",1,1
"1638",1,"220",1,1
"1639",1,"22",9,2
"1640",1,"882",601,1
"1642",1,"65",1,1
"1643",1,"1642",1,1
"1643",1,"63",1,1
"1643",1,"66",1,1
"1644",1,"56",1,1
"1645",1,"147",1,1
"1646",1,"431",1,1
"1648",1,"477",1,1
"1649",1,"124",1,1
"1649",1,"1283",1,1
"1649",1,"174",1,1
"1650",1,"470",1,1
"1651",1,"214",1,1
"1652",1,"882",601,1
"1654",1,"12",1,1
"1654",1,"1395",1,1
"1654",1,"1653",1,1
"1654",1,"398",1,1
"1654",1,"603",1,1
"1654",1,"774",1,1
"1654",1,"991",1,1
"1655",1,"882",601,1
"1657",1,"12",1,1
"1657",1,"1460",1,1
"1659",1,"1658",1,1
"1659",1,"882",601,3
"166",1,"164",1,1
"166",1,"165",1,1
"1661",1,"1656",1,1
"1661",1,"1657",1,1
"1661",1,"1659",1,1
"1661",1,"1660",1,1
"1661",1,"194",1,1
"1661",1,"882",601,2
"1662",1,"1619",1,1
"1664",1,"12",1,1
"1664",1,"1663",1,1
"1665",1,"105",1,1
"1665",1,"882",601,1
"1666",1,"1665",1,1
"1667",1,"275",1,1
"1668",1,"1574",1,1
"1671",1,"1561",1,1
"1672",1,"882",601,1
"1673",1,"205",1,1
"1675",1,"882",601,1
"1677",1,"127",1,1
"1677",1,"1676",1,1
"1677",1,"790",1,1
"1677",1,"882",601,2
"1678",1,"254",1,1
"1679",1,"882",601,1
"1681",1,"601",1,1
"1682",1,"882",601,1
"1684",1,"1683",1,1
"1684",1,"591",1,1
"1684",1,"65",1,1
"1684",1,"882",601,1
"1686",1,"1298",1,1
"1686",1,"1439",1,1
"1686",1,"1685",1,1
"1687",1,"996",1,1
"1688",1,"882",601,1
"1689",1,"494",1,1
"169",1,"168",1,1
"1691",1,"882",601,1
"1692",1,"711",1,1
"1693",1,"180",1,1
"1694",1,"882",601,1
"1695",1,"155",1,1
"1696",1,"626",1,1
"1697",1,"248",1,1
"1701",1,"1356",1,1
"1701",1,"1698",1,1
"1701",1,"1699",1,1
"1701",1,"1700",1,1
"1701",1,"882",601,1
"1705",1,"1703",1,1
"1705",1,"1704",1,1
"1706",1,"882",601,1
"1707",1,"34",1,1
"1710",1,"1709",1,1
"1711",1,"684",1,1
"1712",1,"1003",1,1
"1714",1,"1713",1,1
"1714",1,"393",1,1
"1715",1,"367",1,1
"1716",1,"121",1,1
"1717",1,"882",601,1
"1718",1,"768",1,1
"1719",1,"891",1,1
"1720",1,"254",1,1
"1720",1,"882",601,2
"1721",1,"1720",1,1
"1722",1,"123",1,1
"1722",1,"882",601,1
"1724",1,"494",1,1
"1726",1,"1722",1,1
"1726",1,"1723",1,1
"1726",1,"1724",1,1
"1726",1,"1725",1,1
"1726",1,"180",1,1
"1726",1,"439",1,1
"1726",1,"507",1,1
"1726",1,"882",601,2
"1727",1,"328",1,1
"1729",1,"1407",1,1
"1730",1,"882",601,1
"1733",1,"14",1,1
"1733",1,"1728",1,1
"1733",1,"65",1,1
"1733",1,"882",601,4
"1734",1,"1255",1,1
"1734",1,"882",601,1
"1735",1,"1040",1,1
"1737",1,"882",601,1
"1738",1,"339",1,1
"1740",1,"1739",1,1
"1741",3,"1739",1,3
"1741",3,"1740",1,1
"1741",3,"1741",3,3
"1741",3,"470",1,2
"1741",3,"471",1,1
"1742",1,"1741",3,1
"1743",1,"882",601,1
"1746",1,"1745",1,1
"1746",1,"393",1,1
"1748",1,"1747",1,1
"1750",1,"1749",1,1
"1751",1,"1607",1,1
"1752",1,"882",601,1
"1753",1,"234",1,1
"1754",1,"1731",1,1
"1756",1,"882",601,1
"1757",1,"882",601,1
"1758",1,"784",1,1
"1760",1,"1759",1,1
"1760",1,"882",601,2
"1761",1,"1760",1,1
"1761",1,"816",1,1
"1761",1,"882",601,1
"1762",1,"46",1,1
"1763",1,"882",601,1
"1766",1,"1133",1,1
"1766",1,"1227",1,1
"1766",1,"1562",1,1
"1766",1,"165",1,1
"1766",1,"1764",1,1
"1766",1,"1765",1,1
"1766",1,"374",1,1
"1766",1,"882",601,1
"1767",1,"146",1,1
"1768",1,"1767",1,1
"1769",1,"1242",1,1
"177",1,"175",1,1
"177",1,"176",1,1
"1770",1,"882",601,1
"1771",1,"313",1,1
"1772",1,"100",1,1
"1773",1,"1204",1,1
"1773",1,"1207",1,1
"1773",1,"1772",1,1
"1774",1,"477",1,1
"1774",1,"882",601,1
"1775",1,"1020",1,1
"1775",1,"882",601,1
"1776",1,"1649",1,1
"1776",1,"1774",1,1
"1776",1,"1775",1,1
"1776",1,"882",601,3
"1776",1,"924",1,1
"1778",1,"1777",1,1
"1779",1,"198",1,1
"1779",1,"882",601,1
"1780",1,"1381",1,1
"1781",1,"428",1,1
"1782",1,"1271",1,1
"1782",1,"395",1,1
"1783",1,"755",1,1
"1783",1,"882",601,1
"1785",1,"882",601,2
"1786",1,"1273",1,1
"1788",1,"502",1,1
"1789",1,"882",601,1
"1790",1,"532",1,1
"1792",1,"882",601,1
"1793",1,"882",601,1
"1795",1,"1794",1,1
"1796",1,"1795",1,1
"1796",1,"882",601,1
"1797",1,"74",1,1
"1798",1,"1448",1,1
"1799",1,"1448",1,1
"1799",1,"1798",1,1
"18",1,"16",1,1
"18",1,"17",1,1
"180",1,"179",1,1
"1800",1,"83",1,1
"1801",1,"882",601,1
"1802",1,"584",1,1
"1803",1,"882",601,1
"1804",1,"1366",1,1
"1805",1,"1804",1,1
"1806",1,"882",601,1
"1807",1,"882",601,1
"1809",1,"189",1,1
"1809",1,"882",601,2
"181",1,"180",1,1
"1810",1,"1593",1,1
"1810",1,"1809",1,1
"1810",1,"882",601,1
"1811",1,"246",1,1
"1811",1,"374",1,1
"1811",1,"882",601,1
"1812",1,"1690",1,1
"1812",1,"882",601,3
"1813",1,"882",601,1
"1814",1,"1135",1,1
"1814",1,"1386",1,1
"1815",1,"212",1,1
"1816",1,"882",601,1
"1817",1,"283",1,1
"182",1,"181",1,1
"1821",1,"1396",1,1
"1821",1,"1424",1,1
"1821",1,"1670",1,1
"1821",1,"1819",1,1
"1821",1,"1820",1,1
"1821",1,"360",1,1
"1821",1,"443",1,1
"1821",1,"882",601,1
"1824",1,"1822",1,1
"1824",1,"1823",1,1
"1824",1,"882",601,1
"1826",1,"1825",1,1
"1827",1,"328",1,1
"1828",1,"882",601,1
"1829",1,"882",601,1
"1830",1,"238",1,1
"1832",1,"1331",1,1
"1833",1,"32",1,1
"1833",1,"652",1,1
"1833",1,"882",601,1
"1834",1,"313",1,1
"1834",1,"882",601,1
"1835",1,"146",1,1
"1837",1,"1166",1,1
"1838",1,"1307",1,1
"1838",1,"537",1,1
"1839",1,"246",1,1
"1840",1,"882",601,1
"1841",1,"921",1,1
"1842",1,"882",601,1
"1843",1,"1053",1,1
"1844",1,"882",601,1
"1845",1,"662",1,1
"1846",1,"882",601,1
"1847",1,"1846",1,1
"1848",1,"1701",1,1
"1849",1,"1479",1,1
"1849",1,"1580",1,1
"185",1,"184",1,1
"1850",1,"1849",1,1
"1851",1,"1216",1,1
"1853",1,"1852",1,1
"1854",1,"882",601,1
"1855",1,"882",601,1
"1856",1,"12",1,1
"1857",1,"1464",1,1
"1858",1,"1857",1,1
"1859",1,"882",601,1
"1860",1,"486",1,1
"1861",1,"752",1,1
"1862",1,"829",1,1
"1864",1,"1274",1,1
"1864",1,"882",601,1
"1865",1,"1864",1,1
"1867",1,"1523",1,1
"1867",1,"1866",1,1
"1867",1,"882",601,1
"1868",1,"1464",1,1
"1870",1,"1266",1,1
"1870",1,"1869",1,1
"1870",1,"882",601,1
"1871",1,"1243",1,1
"1871",1,"882",601,1
"1872",1,"882",601,1
"1873",1,"588",1,1
"1874",1,"1708",1,1
"1874",1,"882",601,2
"1875",1,"278",1,1
"1875",1,"882",601,1
"1876",1,"1875",1,1
"1877",1,"431",1,1
"1877",1,"882",601,1
"1879",1,"1261",1,1
"1879",1,"1549",1,1
"1879",1,"272",1,1
"1879",1,"313",1,1
"1879",1,"346",1,1
"1880",1,"882",601,1
"1881",1,"1513",1,1
"1881",1,"882",601,3
"1882",1,"1153",1,1
"1883",1,"1674",1,1
"1883",1,"1882",1,1
"1884",1,"167",1,1
"1885",1,"284",1,1
"1886",1,"385",1,1
"1887",1,"220",1,1
"1887",1,"882",601,1
"1888",1,"172",1,1
"1889",1,"882",601,1
"1890",1,"176",1,1
"1891",1,"1669",1,1
"1891",1,"610",1,1
"1892",1,"12",1,1
"1893",1,"96",1,1
"1894",1,"882",601,1
"1896",1,"235",1,1
"1897",1,"12",1,1
"1898",1,"882",601,1
"1899",1,"208",1,1
"1901",1,"179",1,1
"1902",1,"752",1,1
"1903",1,"1295",1,1
"1904",1,"220",1,1
"1905",1,"1808",1,1
"1905",1,"882",601,1
"1906",1,"99",1,1
"1907",1,"1906",1,1
"1907",1,"882",601,1
"1908",1,"882",601,1
"1909",1,"1713",1,1
"1910",1,"788",1,1
"1911",1,"882",601,1
"1912",1,"1713",1,1
"1913",1,"1271",1,1
"1913",1,"882",601,1
"1914",1,"337",1,1
"1915",1,"1864",1,1
"1916",1,"1852",1,1
"1916",1,"1915",1,1
"1917",1,"882",601,1
"1918",1,"160",1,1
"1918",1,"22",9,1
"1919",1,"1295",1,1
"1919",1,"155",1,1
"1919",1,"642",1,1
"1920",1,"393",1,1
"1921",1,"882",601,1
"1922",1,"1500",1,1
"1922",1,"256",1,1
"1923",1,"834",1,1
"1924",1,"882",601,1
"1925",1,"882",601,1
"1926",1,"882",601,1
"1928",1,"882",601,1
"1929",1,"882",601,1
"1931",1,"1680",1,1
"1931",1,"1930",1,1
"1931",1,"337",1,1
"1932",1,"1622",1,1
"1933",1,"1505",1,1
"1935",1,"124",1,1
"1936",1,"882",601,1
"1937",1,"882",601,1
"1938",1,"1066",1,1
"1938",1,"1462",1,1
"1939",1,"172",1,1
"1941",1,"1940",1,1
"1941",1,"27",1,1
"1942",1,"1784",1,1
"1943",1,"1514",1,1
"1944",1,"1331",1,1
"1944",1,"1942",1,1
"1944",1,"1943",1,1
"1945",1,"882",601,1
"1946",1,"1026",1,1
"1946",1,"555",1,1
"1947",1,"991",1,1
"1948",1,"882",601,2
"1949",1,"727",1,1
"1950",1,"882",601,1
"1951",1,"882",601,1
"1952",1,"882",601,1
"1953",1,"302",1,1
"1953",1,"882",601,1
"1954",1,"1755",1,1
"1954",1,"882",601,2
"1955",1,"22",9,1
"1956",1,"65",1,1
"1956",1,"882",601,1
"1957",1,"1101",1,1
"1958",1,"272",1,1
"1958",1,"882",601,1
"1959",1,"882",601,1
"1960",1,"848",1,1
"1961",1,"882",601,1
"1962",1,"1110",1,1
"1962",1,"1311",1,1
"1963",1,"1015",1,1
"1965",1,"1384",1,1
"1967",1,"102",1,1
"1968",1,"1967",1,1
"1969",1,"429",1,1
"1970",1,"1191",1,1
"1970",1,"501",1,1
"1971",1,"1561",1,1
"1971",1,"882",601,1
"1972",1,"882",601,3
"1972",1,"957",1,1
"1973",1,"324",1,1
"1973",1,"742",1,1
"1974",1,"882",601,1
"1976",1,"1974",1,1
"1976",1,"1975",1,1
"1977",1,"1072",1,1
"1978",1,"1661",1,1
"1978",1,"882",601,1
"1979",1,"882",601,3
"198",1,"197",1,1
"1980",1,"547",1,1
"1983",1,"1981",1,1
"1983",1,"1982",1,1
"1983",1,"882",601,3
"1984",1,"1367",1,1
"1984",1,"882",601,1
"1986",1,"882",601,1
"1987",1,"882",601,1
"1988",1,"882",601,1
"1989",1,"486",1,1
"1990",1,"882",601,1
"1991",1,"1853",1,1
"1992",1,"882",601,1
"1993",1,"882",601,1
"1994",1,"882",601,2
"1997",1,"272",1,1
"1998",1,"1350",1,1
"1999",1,"807",1,1
"2",1,"1",1,1
"2000",1,"234",1,1
"2001",1,"865",1,1
"2002",1,"882",601,1
"2003",1,"882",601,1
"2004",1,"1905",1,1
"2005",1,"1192",1,1
"2006",1,"1736",1,1
"2006",1,"882",601,1
"2007",1,"882",601,1
"2008",1,"1552",1,1
"2008",1,"882",601,2
"2009",1,"1684",1,1
"2009",1,"63",1,1
"2009",1,"817",1,1
"201",1,"200",1,1
"2010",1,"882",601,1
"2011",1,"2010",1,1
"2012",1,"1591",1,1
"2013",1,"1919",1,1
"2013",1,"749",1,1
"2014",1,"882",601,1
"2015",1,"1552",1,1
"2015",1,"882",601,1
"2016",1,"2015",1,1
"2017",1,"882",601,2
"2018",1,"882",601,1
"2019",1,"1339",1,1
"202",1,"201",1,1
"2020",1,"882",601,2
"2021",1,"1362",1,1
"2022",1,"882",601,1
"2023",1,"623",1,1
"2025",1,"1297",1,1
"2025",1,"882",601,2
"2026",1,"882",601,1
"2027",1,"1154",1,1
"2027",1,"882",601,2
"2029",1,"1318",1,1
"2029",1,"882",601,1
"2030",1,"2029",1,1
"2031",1,"12",1,1
"2031",1,"124",1,1
"2031",1,"882",601,1
"2032",1,"882",601,2
"2033",1,"882",601,1
"2034",1,"1981",1,1
"2035",1,"582",1,1
"2035",1,"882",601,1
"2036",1,"12",1,1
"2036",1,"882",601,1
"2037",1,"359",1,1
"2038",1,"853",1,1
"2039",1,"882",601,1
"2040",1,"882",601,1
"2041",1,"1752",1,1
"2043",1,"882",601,2
"2044",1,"223",1,1
"2044",1,"753",1,1
"2045",1,"882",601,1
"2046",1,"1900",1,1
"2046",1,"385",1,1
"2047",1,"400",1,1
"2049",1,"312",1,1
"2049",1,"882",601,1
"2050",1,"882",601,1
"2051",1,"2042",1,1
"2052",1,"634",1,1
"2053",1,"1150",1,1
"2054",1,"882",601,1
"2056",1,"1895",1,1
"2056",1,"1964",1,1
"2056",1,"2055",1,1
"2056",1,"755",1,1
"2056",1,"882",601,3
"2057",1,"882",601,1
"2058",1,"1583",1,1
"2058",1,"749",1,1
"2058",1,"776",1,1
"2059",1,"882",601,1
"206",1,"205",1,1
"2060",1,"882",601,1
"2061",1,"15",1,1
"2061",1,"1513",1,1
"2061",1,"1612",1,1
"2061",1,"20",1,1
"2062",1,"1307",1,1
"2063",1,"2024",1,1
"2063",1,"337",1,1
"2064",1,"1941",1,1
"2066",1,"669",1,1
"2067",1,"2066",1,1
"2068",1,"610",1,1
"2069",1,"449",1,1
"207",1,"206",1,1
"2070",1,"882",601,1
"2071",1,"1713",1,1
"2072",1,"889",1,1
"2073",1,"160",1,1
"2074",1,"668",1,1
"2075",1,"1857",1,1
"2076",1,"1732",1,1
"2076",1,"988",1,1
"2077",1,"882",601,2
"2078",1,"1104",1,1
"2078",1,"1985",1,1
"2078",1,"882",601,1
"2079",1,"882",601,1
"208",1,"207",1,1
"2080",1,"882",601,1
"2082",1,"882",601,1
"2083",1,"570",1,1
"2084",1,"1934",1,1
"2084",1,"351",1,1
"2085",1,"882",601,1
"2086",1,"174",1,1
"2086",1,"837",1,1
"2086",1,"882",601,2
"2087",1,"1747",1,1
"2088",1,"2087",1,1
"2088",1,"479",1,1
"2088",1,"882",601,1
"2089",1,"1216",1,1
"209",1,"208",1,1
"2092",1,"1460",1,1
"2092",1,"1475",1,1
"2092",1,"1563",1,1
"2092",1,"1776",1,1
"2092",1,"2090",1,1
"2092",1,"2091",1,1
"2092",1,"882",601,2
"2093",1,"1764",1,1
"2094",1,"882",601,2
"2095",1,"882",601,1
"2096",1,"814",1,1
"2096",1,"882",601,1
"2098",1,"1861",1,1
"2098",1,"190",1,1
"2098",1,"2097",1,1
"2098",1,"882",601,1
"2099",1,"2098",1,1
"2100",1,"882",601,1
"2101",1,"882",601,5
"2102",1,"882",601,1
"2103",1,"882",601,1
"2104",1,"701",1,1
"2105",1,"86",1,1
"2106",1,"1809",1,1
"2106",1,"1878",1,1
"2106",1,"633",1,1
"2106",1,"882",601,1
"2107",1,"2106",1,1
"2108",1,"882",601,1
"2108",1,"924",1,1
"2110",1,"16",1,1
"2110",1,"2109",1,1
"2110",1,"882",601,1
"2111",1,"882",601,2
"2112",1,"201",1,1
"2113",1,"1447",1,1
"2113",1,"1908",1,1
"2114",1,"882",601,1
"2118",1,"2117",1,1
"2118",1,"882",601,1
"2119",1,"1787",1,1
"2119",1,"728",1,1
"2120",1,"582",1,1
"2120",1,"847",1,1
"2121",1,"22",9,1
"2122",1,"882",601,9
"2123",1,"356",1,1
"2123",1,"882",601,1
"2125",1,"1409",1,1
"2125",1,"2124",1,1
"2126",1,"486",1,1
"2126",1,"882",601,3
"2127",1,"882",601,1
"2128",1,"12",1,1
"2128",1,"1281",1,1
"2128",1,"1974",1,1
"2128",1,"2048",1,1
"2128",1,"388",1,1
"2128",1,"474",1,1
"2129",1,"1564",1,1
"2130",1,"882",601,1
"2132",1,"882",601,1
"2134",1,"1165",1,1
"2134",1,"1325",1,1
"2134",1,"1749",1,1
"2134",1,"1836",1,1
"2134",1,"1977",1,1
"2134",1,"2133",1,1
"2134",1,"752",1,1
"2134",1,"882",601,3
"2135",1,"882",601,1
"2136",1,"1705",1,1
"2136",1,"22",9,1
"2137",1,"266",1,1
"2138",1,"322",1,1
"2138",1,"699",1,1
"2139",1,"2138",1,1
"2140",1,"1242",1,1
"2140",1,"1641",1,1
"2140",1,"1744",1,1
"2140",1,"537",1,1
"2140",1,"882",601,3
"2142",1,"15",1,1
"2142",1,"2141",1,1
"2143",1,"882",601,1
"2144",1,"344",1,1
"2144",1,"388",1,1
"2145",1,"882",601,1
"2146",1,"12",1,1
"2147",1,"561",1,1
"2147",1,"63",1,1
"2147",1,"882",601,1
"2149",1,"1271",1,1
"2149",1,"1731",1,1
"2149",1,"2148",1,1
"2149",1,"882",601,1
"2150",1,"228",1,1
"2152",1,"1290",1,1
"2152",1,"1498",1,1
"2152",1,"436",1,1
"2153",1,"136",1,1
"2154",1,"882",601,1
"2156",1,"2155",1,1
"2156",1,"882",601,2
"2157",1,"911",1,1
"2158",1,"381",1,1
"2159",1,"266",1,1
"2159",1,"603",1,1
"2159",1,"882",601,1
"216",1,"215",1,1
"2161",1,"1291",1,1
"2161",1,"1400",1,1
"2161",1,"2160",1,1
"2162",1,"311",1,1
"2162",1,"882",601,1
"2163",1,"882",601,1
"2164",1,"882",601,2
"2165",1,"882",601,1
"2166",1,"882",601,2
"2167",1,"882",601,1
"2168",1,"311",1,1
"2168",1,"882",601,1
"2169",1,"882",601,1
"2170",1,"547",1,1
"2171",1,"1821",1,1
"2172",1,"882",601,1
"2174",1,"882",601,1
"2175",1,"882",601,1
"2177",1,"2000",1,1
"2177",1,"2176",1,1
"2178",1,"882",601,1
"2179",1,"266",1,1
"2181",1,"1191",1,1
"2181",1,"144",1,1
"2181",1,"1837",1,1
"2181",1,"2180",1,1
"2181",1,"707",1,1
"2182",1,"2115",1,1
"2182",1,"2181",1,1
"2183",1,"1927",1,1
"2183",1,"882",601,1
"2185",1,"36",1,1
"2186",1,"12",1,1
"2187",1,"169",1,1
"2188",1,"1684",1,1
"2189",1,"1035",1,1
"2189",1,"1681",1,1
"2189",1,"1975",1,1
"2189",1,"246",1,1
"2189",1,"593",1,1
"2189",1,"971",1,1
"2190",1,"882",601,1
"2191",1,"882",601,1
"2192",1,"882",601,2
"2193",1,"994",1,1
"2194",1,"1192",1,1
"2194",1,"1722",1,1
"2194",1,"882",601,1
"2195",1,"71",1,1
"2196",1,"1500",1,1
"2197",1,"882",601,1
"2198",1,"2197",1,1
"2198",1,"275",1,1
"2198",1,"302",1,1
"2198",1,"633",1,1
"22",9,"15",1,1
"22",9,"18",1,1
"22",9,"19",1,1
"22",9,"20",1,1
"22",9,"21",1,2
"22",9,"22",9,13
"22",9,"3",1,1
"22",9,"4",1,1
"22",9,"5",1,1
"22",9,"6",1,1
"220",1,"219",1,1
"2200",1,"2199",1,1
"2200",1,"361",1,1
"2200",1,"882",601,1
"2201",1,"882",601,2
"2202",1,"1941",1,1
"2203",1,"882",601,1
"2204",1,"2065",1,1
"2204",1,"2126",1,1
"2205",1,"882",601,1
"2206",1,"882",601,1
"2207",1,"1216",1,1
"2208",1,"477",1,1
"2209",1,"2184",1,1
"2209",1,"882",601,2
"2210",1,"882",601,1
"2211",1,"1867",1,1
"2211",1,"418",1,1
"2212",1,"882",601,1
"2213",1,"1468",1,1
"2213",1,"1818",1,1
"2213",1,"227",1,1
"2213",1,"882",601,5
"2214",1,"1508",1,1
"2214",1,"882",601,2
"2215",1,"2214",1,1
"2215",1,"882",601,1
"2216",1,"882",601,1
"2217",1,"2184",1,1
"2218",1,"293",1,1
"2219",1,"237",1,1
"2219",1,"882",601,1
"2220",1,"2219",1,1
"2221",1,"254",1,1
"2222",1,"1518",1,1
"2222",1,"882",601,1
"2223",1,"882",601,2
"2224",1,"386",1,1
"2225",1,"1448",1,1
"2226",1,"537",1,1
"2227",1,"1461",1,1
"2227",1,"660",1,1
"2228",1,"1128",1,1
"2228",1,"1377",1,1
"2228",1,"1578",1,1
"2228",1,"417",1,1
"2228",1,"752",1,1
"2229",1,"1090",1,1
"2230",1,"486",1,1
"2231",1,"155",1,1
"2233",1,"1298",1,1
"2234",1,"1917",1,1
"2235",1,"882",601,1
"2236",1,"1464",1,1
"2237",1,"197",1,1
"2238",1,"22",9,1
"2239",1,"882",601,1
"2240",1,"788",1,1
"2241",1,"882",601,1
"2242",1,"591",1,1
"2242",1,"63",1,1
"2242",1,"882",601,1
"2243",1,"344",1,1
"2243",1,"882",601,2
"2244",1,"882",601,1
"2245",1,"882",601,1
"2246",1,"357",1,1
"2247",1,"1297",1,1
"2247",1,"882",601,1
"2248",1,"1585",1,1
"2248",1,"345",1,1
"2248",1,"59",1,1
"2248",1,"882",601,2
"2249",1,"386",1,1
"2250",1,"1507",1,1
"2250",1,"882",601,1
"2251",1,"882",601,1
"2252",1,"2029",1,1
"2252",1,"882",601,1
"2253",1,"962",1,1
"2253",1,"999",1,1
"2254",1,"812",1,1
"2255",1,"1555",1,1
"2256",1,"278",1,1
"2257",1,"882",601,2
"2257",1,"920",1,1
"2258",1,"882",601,1
"2259",1,"972",1,1
"226",1,"224",1,1
"226",1,"225",1,1
"2260",1,"882",601,1
"2261",1,"882",601,1
"2262",1,"1280",1,1
"2262",1,"1495",1,1
"2262",1,"217",1,1
"2262",1,"345",1,1
"2262",1,"496",1,1
"2262",1,"706",1,1
"2262",1,"853",1,1
"2262",1,"882",601,4
"2262",1,"955",1,1
"2263",1,"1060",1,1
"2264",1,"882",601,1
"2265",1,"882",601,1
"2266",1,"882",601,1
"2267",1,"22",9,1
"2267",1,"946",1,1
"2268",1,"882",601,1
"2269",1,"1703",1,1
"2269",1,"882",601,2
"227",1,"223",1,1
"227",1,"226",1,1
"2270",1,"975",1,1
"2271",1,"1124",1,1
"2272",1,"1863",1,1
"2272",1,"537",1,1
"2272",1,"882",601,1
"2273",1,"537",1,1
"2274",1,"1099",1,1
"2275",1,"882",601,1
"2276",1,"385",1,1
"2277",1,"1340",1,1
"2278",1,"246",1,1
"2278",1,"837",1,1
"2278",1,"882",601,1
"2279",1,"882",601,2
"2280",1,"369",1,1
"2281",1,"1172",1,1
"2281",1,"679",1,1
"2281",1,"882",601,1
"2282",1,"882",601,1
"2283",1,"385",1,1
"2285",1,"882",601,1
"2286",1,"1879",1,1
"2286",1,"272",1,1
"2286",1,"882",601,1
"2287",1,"235",1,1
"2288",1,"46",1,1
"2288",1,"882",601,5
"2289",1,"1143",1,1
"2289",1,"882",601,1
"2290",1,"882",601,2
"2291",1,"882",601,1
"2292",1,"1192",1,1
"2292",1,"882",601,1
"2293",1,"1216",1,1
"2293",1,"882",601,1
"2294",1,"882",601,1
"2295",1,"882",601,2
"2296",1,"882",601,2
"2297",1,"882",601,1
"2298",1,"882",601,1
"2299",1,"882",601,1
"2300",1,"882",601,1
"2301",1,"882",601,1
"2302",1,"1074",1,1
"2302",1,"1607",1,1
"2302",1,"1791",1,1
"2302",1,"310",1,1
"2302",1,"882",601,1
"2303",1,"882",601,1
"2304",1,"286",1,1
"2305",1,"27",1,1
"2305",1,"882",601,1
"2308",1,"1416",1,1
"2308",1,"2131",1,1
"2308",1,"2307",1,1
"2308",1,"882",601,1
"2309",1,"882",601,1
"231",1,"230",1,1
"2310",1,"882",601,1
"2311",1,"882",601,1
"2312",1,"537",1,1
"2312",1,"824",1,1
"2313",1,"882",601,1
"2314",1,"882",601,1
"2315",1,"655",1,1
"2316",1,"882",601,1
"2317",1,"2227",1,1
"2317",1,"882",601,1
"2318",1,"882",601,1
"2319",1,"2151",1,1
"232",1,"230",1,1
"232",1,"231",1,1
"2320",1,"882",601,1
"2321",1,"34",1,1
"2322",1,"882",601,1
"2323",1,"1825",1,1
"2323",1,"2106",1,1
"2324",1,"1349",1,1
"2324",1,"505",1,1
"2324",1,"882",601,1
"2325",1,"2248",1,1
"2325",1,"882",601,1
"2326",1,"1400",1,1
"2326",1,"1506",1,1
"2327",1,"1887",1,1
"2327",1,"1945",1,1
"2327",1,"882",601,1
"2328",1,"1062",1,1
"2328",1,"2081",1,1
"2328",1,"2173",1,1
"2329",1,"261",1,1
"2329",1,"376",1,1
"2331",1,"882",601,1
"2332",1,"882",601,1
"2333",1,"882",601,1
"2334",1,"1147",1,1
"2334",1,"918",1,1
"2335",1,"1895",1,1
"2336",1,"1941",1,1
"2336",1,"752",1,1
"2337",1,"234",1,1
"2339",1,"1329",1,1
"2339",1,"1609",1,1
"234",1,"233",1,1
"2340",1,"882",601,1
"2341",1,"1082",1,1
"2341",1,"882",601,1
"2341",1,"92",1,1
"2342",1,"882",601,1
"2343",1,"1555",1,1
"2343",1,"1806",1,1
"2343",1,"2232",1,1
"2343",1,"385",1,1
"2343",1,"641",1,1
"2343",1,"742",1,1
"2343",1,"882",601,1
"2343",1,"967",1,1
"2344",1,"486",1,1
"2344",1,"882",601,2
"2345",1,"1996",1,1
"2345",1,"2306",1,1
"2345",1,"882",601,1
"2345",1,"921",1,1
"2346",1,"1155",1,1
"2346",1,"32",1,1
"2347",1,"328",1,1
"2348",1,"81",1,1
"2349",1,"882",601,2
"235",1,"234",1,1
"2350",1,"2319",1,1
"2350",1,"882",601,2
"2351",1,"882",601,1
"2352",1,"882",601,1
"2353",1,"278",1,1
"2353",1,"882",601,1
"2354",1,"1709",1,1
"2354",1,"882",601,2
"2355",1,"1241",1,1
"2355",1,"272",1,1
"2356",1,"24",1,1
"2357",1,"882",601,1
"2358",1,"882",601,1
"2359",1,"882",601,1
"2361",1,"882",601,1
"2362",1,"654",1,1
"2363",1,"882",601,1
"2364",1,"1491",1,1
"2364",1,"2265",1,1
"2364",1,"882",601,1
"2365",1,"296",1,1
"2366",1,"22",9,1
"2366",1,"972",1,1
"2367",1,"2042",1,1
"2367",1,"882",601,1
"2368",1,"882",601,1
"2369",1,"815",1,1
"237",1,"236",1,1
"2370",1,"1448",1,1
"2371",1,"882",601,1
"2372",1,"1092",1,1
"2372",1,"125",1,1
"2372",1,"1274",1,1
"2372",1,"144",1,1
"2372",1,"1907",1,1
"2372",1,"2028",1,1
"2372",1,"314",1,1
"2372",1,"882",601,1
"2373",1,"22",9,1
"2374",1,"2116",1,1
"2374",1,"219",1,1
"2374",1,"2256",1,1
"2374",1,"882",601,2
"2375",1,"991",1,1
"2376",1,"915",1,1
"2377",1,"882",601,1
"2378",1,"370",1,1
"2379",1,"1661",1,1
"2379",1,"2360",1,1
"238",1,"171",1,1
"2380",1,"882",601,1
"2381",1,"1253",1,1
"2383",1,"12",1,1
"2383",1,"1512",1,1
"2383",1,"1810",1,1
"2384",1,"1386",1,1
"2384",1,"882",601,1
"2385",1,"296",1,1
"2386",1,"1027",1,1
"2386",1,"1201",1,1
"2386",1,"1702",1,1
"2386",1,"882",601,1
"2387",1,"1292",1,1
"2387",1,"63",1,1
"2387",1,"882",601,3
"2388",1,"882",601,3
"2389",1,"882",601,1
"239",1,"205",1,1
"2390",1,"882",601,1
"2391",1,"220",1,1
"2392",1,"882",601,1
"2393",1,"1219",1,1
"2394",1,"1202",1,1
"2394",1,"505",1,1
"2394",1,"851",1,1
"2394",1,"882",601,1
"2395",1,"1061",1,1
"2395",1,"159",1,1
"2395",1,"2201",1,1
"2395",1,"2236",1,1
"2395",1,"543",1,1
"2395",1,"882",601,2
"2396",1,"12",1,1
"2396",1,"1821",1,1
"2396",1,"2395",1,1
"2396",1,"882",601,1
"2398",1,"1304",1,1
"2398",1,"1607",1,1
"2398",1,"1647",1,1
"2398",1,"1966",1,1
"2398",1,"197",1,1
"2398",1,"2020",1,1
"2398",1,"2108",1,1
"2398",1,"2397",1,1
"2398",1,"334",1,1
"2398",1,"385",1,1
"2398",1,"499",1,1
"2398",1,"882",601,2
"2399",1,"42",1,1
"2400",1,"1797",1,1
"2400",1,"1810",1,1
"2400",1,"882",601,1
"2401",1,"1777",1,1
"2401",1,"882",601,1
"2402",1,"882",601,1
"2403",1,"1078",1,1
"2403",1,"854",1,1
"2404",1,"1009",1,1
"2405",1,"385",1,1
"2406",1,"159",1,1
"2406",1,"2004",1,1
"2406",1,"882",601,1
"2408",1,"2407",1,1
"2409",1,"117",1,1
"2410",1,"882",601,1
"2411",1,"190",1,1
"2412",1,"882",601,1
"2413",1,"477",1,1
"2414",1,"1311",1,1
"2415",1,"766",1,1
"2416",1,"12",1,1
"2416",1,"227",1,1
"2416",1,"547",1,1
"2416",1,"882",601,2
"2417",1,"464",1,1
"2418",1,"56",1,1
"2418",1,"756",1,1
"2419",1,"223",1,1
"2419",1,"238",1,1
"2419",1,"882",601,1
"2420",1,"1512",1,1
"2421",1,"882",601,1
"2422",1,"1634",1,1
"2422",1,"882",601,1
"2423",1,"882",601,1
"2424",1,"603",1,1
"2425",1,"1565",1,1
"2425",1,"195",1,1
"2426",1,"759",1,1
"2427",1,"201",1,1
"2427",1,"474",1,1
"2427",1,"957",1,1
"2428",1,"1259",1,1
"2428",1,"1831",1,1
"2429",1,"22",9,2
"2431",1,"1550",1,1
"2432",1,"882",601,1
"2433",1,"1143",1,1
"2433",1,"882",601,1
"2434",1,"882",601,1
"2435",1,"1154",1,1
"2435",1,"1604",1,1
"2435",1,"1690",1,1
"2435",1,"2284",1,1
"2435",1,"2407",1,1
"2435",1,"2430",1,1
"2435",1,"882",601,3
"2435",1,"995",1,1
"2436",1,"2338",1,1
"2436",1,"814",1,1
"2437",1,"1995",1,1
"2437",1,"882",601,2
"2438",1,"1350",1,1
"2439",1,"30",1,1
"2439",1,"882",601,2
"244",1,"145",1,1
"244",1,"243",1,1
"2440",1,"1493",1,1
"2440",1,"2382",1,1
"2440",1,"882",601,1
"2441",1,"1244",1,1
"2442",1,"1669",1,1
"2443",1,"882",601,1
"2444",1,"1559",1,1
"2444",1,"916",1,1
"2445",1,"282",1,1
"2445",1,"882",601,1
"2446",1,"2330",1,1
"2446",1,"882",601,2
"2447",1,"1135",1,1
"2448",1,"882",601,1
"247",1,"246",1,1
"248",1,"246",1,1
"25",1,"24",1,1
"251",1,"250",1,1
"252",1,"251",1,1
"253",1,"248",1,1
"258",1,"257",1,1
"263",1,"174",1,1
"266",1,"22",9,1
"266",1,"263",1,1
"266",1,"264",1,1
"266",1,"265",1,1
"267",1,"262",1,1
"267",1,"266",1,1
"269",1,"268",1,1
"272",1,"271",1,1
"275",1,"274",1,1
"278",1,"219",1,1
"282",1,"22",9,1
"284",1,"123",1,1
"286",1,"285",1,1
"287",1,"286",1,1
"29",1,"28",1,1
"297",1,"296",1,1
"299",1,"298",1,1
"299",1,"78",1,1
"302",1,"301",1,1
"303",1,"302",1,1
"305",1,"303",1,1
"305",1,"304",1,1
"311",1,"308",1,1
"311",1,"309",1,1
"311",1,"310",1,1
"312",1,"307",1,1
"312",1,"311",1,1
"316",1,"12",1,1
"316",1,"315",1,1
"317",1,"314",1,1
"317",1,"316",1,1
"319",1,"318",1,1
"32",1,"31",1,1
"321",1,"288",1,1
"321",1,"320",1,1
"324",1,"323",1,1
"327",1,"326",1,1
"328",1,"206",1,1
"328",1,"326",1,1
"328",1,"327",1,1
"329",1,"327",1,1
"330",1,"328",1,1
"330",1,"329",1,1
"331",1,"134",1,1
"333",1,"332",1,1
"334",1,"331",1,1
"334",1,"333",1,1
"337",1,"335",1,1
"337",1,"336",1,1
"338",1,"330",1,1
"338",1,"334",1,1
"338",1,"337",1,1
"34",1,"33",1,1
"347",1,"96",1,1
"349",1,"348",1,1
"354",1,"74",1,1
"355",1,"337",1,1
"356",1,"355",1,1
"359",1,"358",1,1
"36",1,"35",1,1
"366",1,"365",1,1
"372",1,"371",1,1
"374",1,"373",1,1
"378",1,"377",1,1
"383",1,"382",1,1
"386",1,"385",1,1
"389",1,"387",1,1
"389",1,"388",1,1
"394",1,"393",1,1
"395",1,"296",1,1
"397",1,"334",1,1
"40",1,"39",1,1
"407",1,"126",1,1
"407",1,"127",1,1
"408",1,"126",1,1
"409",1,"126",1,1
"410",1,"124",1,1
"418",1,"416",1,1
"418",1,"417",1,1
"42",1,"38",1,1
"42",1,"40",1,1
"42",1,"41",1,1
"425",1,"69",1,1
"427",1,"426",1,1
"438",1,"137",1,1
"443",1,"365",1,1
"443",1,"442",1,1
"448",1,"447",1,1
"451",1,"449",1,1
"451",1,"450",1,1
"453",1,"278",1,1
"457",1,"456",1,1
"459",1,"458",1,1
"46",1,"43",1,1
"46",1,"44",1,1
"46",1,"45",1,1
"460",1,"459",1,1
"471",1,"470",1,1
"472",1,"471",1,1
"473",1,"472",1,1
"477",1,"312",1,1
"479",1,"478",1,1
"48",1,"47",1,1
"485",1,"484",1,1
"485",1,"6",1,1
"486",1,"482",1,1
"486",1,"483",1,1
"486",1,"485",1,1
"488",1,"487",1,1
"489",1,"488",1,1
"491",1,"4",1,1
"491",1,"489",1,1
"491",1,"490",1,1
"493",1,"492",1,1
"494",1,"131",1,1
"494",1,"493",1,1
"502",1,"389",1,1
"505",1,"504",1,1
"509",1,"507",1,1
"509",1,"508",1,1
"512",1,"462",1,1
"516",1,"515",1,1
"516",1,"9",1,1
"525",1,"524",1,1
"526",1,"525",1,1
"529",1,"14",1,1
"529",1,"188",1,1
"536",1,"286",1,1
"537",1,"385",1,1
"540",1,"235",1,1
"541",1,"130",1,1
"541",1,"131",1,1
"543",1,"312",1,1
"543",1,"542",1,1
"551",1,"22",9,1
"557",1,"153",1,1
"557",1,"556",1,1
"56",1,"55",1,1
"560",1,"354",1,1
"565",1,"259",1,1
"568",1,"14",1,1
"57",1,"54",1,1
"57",1,"56",1,1
"576",1,"575",1,1
"587",1,"269",1,1
"587",1,"585",1,1
"587",1,"586",1,1
"591",1,"590",1,1
"593",1,"14",1,1
"593",1,"196",1,1
"593",1,"592",1,1
"597",1,"60",1,1
"60",1,"59",1,1
"604",1,"269",1,1
"604",1,"27",1,1
"604",1,"603",1,1
"610",1,"609",1,1
"618",1,"166",1,1
"618",1,"617",1,1
"62",1,"61",1,1
"631",1,"630",1,1
"638",1,"637",1,1
"639",1,"511",1,1
"640",1,"106",1,1
"640",1,"107",1,1
"640",1,"636",1,1
"640",1,"638",1,1
"640",1,"639",1,1
"643",1,"642",1,1
"646",1,"330",1,1
"65",1,"64",1,1
"652",1,"20",1,1
"652",1,"651",1,1
"654",1,"368",1,1
"654",1,"403",1,1
"654",1,"652",1,1
"654",1,"653",1,1
"658",1,"657",1,1
"66",1,"63",1,1
"66",1,"65",1,1
"660",1,"658",1,1
"660",1,"659",1,1
"662",1,"143",1,1
"662",1,"661",1,1
"663",1,"662",1,1
"664",1,"34",1,1
"664",1,"643",1,1
"669",1,"668",1,1
"670",1,"206",1,1
"670",1,"669",1,1
"677",1,"671",1,1
"677",1,"672",1,1
"677",1,"673",1,1
"677",1,"674",1,1
"677",1,"675",1,1
"677",1,"676",1,1
"678",1,"670",1,1
"678",1,"677",1,1
"68",1,"64",1,1
"68",1,"67",1,1
"686",1,"685",1,1
"694",1,"179",1,1
"696",1,"537",1,1
"699",1,"280",1,1
"70",1,"11",1,1
"70",1,"68",1,1
"70",1,"69",1,1
"702",1,"240",1,1
"705",1,"124",1,1
"705",1,"126",1,1
"705",1,"704",1,1
"710",1,"709",1,1
"714",1,"713",1,1
"72",1,"71",1,1
"721",1,"96",1,1
"725",1,"724",1,1
"727",1,"726",1,1
"728",1,"312",1,1
"734",1,"192",1,1
"737",1,"219",1,1
"739",1,"24",1,1
"739",1,"520",1,1
"74",1,"11",1,1
"74",1,"63",1,1
"74",1,"66",1,1
"74",1,"68",1,1
"74",1,"70",1,1
"74",1,"72",1,1
"74",1,"73",1,1
"740",1,"692",1,1
"745",1,"744",1,1
"746",1,"745",1,1
"749",1,"235",1,1
"751",1,"749",1,1
"751",1,"750",1,1
"757",1,"756",1,1
"76",1,"68",1,1
"76",1,"70",1,1
"76",1,"73",1,1
"76",1,"74",1,1
"76",1,"75",1,1
"763",1,"762",1,1
"765",1,"401",1,1
"767",1,"765",1,1
"767",1,"766",1,1
"770",1,"768",1,1
"770",1,"769",1,1
"780",1,"778",1,1
"780",1,"779",1,1
"788",1,"787",1,1
"794",1,"32",1,1
"795",1,"56",1,1
"796",1,"383",1,1
"797",1,"795",1,1
"797",1,"796",1,1
"800",1,"322",1,1
"801",1,"196",1,1
"810",1,"808",1,1
"810",1,"809",1,1
"815",1,"814",1,1
"817",1,"65",1,1
"82",1,"81",1,1
"827",1,"704",1,1
"83",1,"82",1,1
"841",1,"659",1,1
"841",1,"840",1,1
"846",1,"845",1,1
"85",1,"83",1,1
"85",1,"84",1,1
"851",1,"850",1,1
"856",1,"855",1,1
"869",1,"864",1,1
"869",1,"865",1,1
"869",1,"866",1,1
"869",1,"867",1,1
"869",1,"868",1,1
"870",1,"16",1,1
"870",1,"862",1,1
"870",1,"863",1,1
"870",1,"869",1,1
"871",1,"386",1,1
"874",1,"872",1,1
"874",1,"873",1,1
"876",1,"128",1,1
"876",1,"875",1,1
"877",1,"872",1,1
"877",1,"873",1,1
"877",1,"874",1,1
"877",1,"876",1,1
"878",1,"401",1,1
"878",1,"877",1,1
"879",1,"878",1,1
"88",1,"87",1,1
"880",1,"879",1,1
"881",1,"878",1,1
"882",601,"1",1,1
"882",601,"10",1,1
"882",601,"102",1,1
"882",601,"103",1,6
"882",601,"104",1,2
"882",601,"105",1,2
"882",601,"106",1,4
"882",601,"107",1,4
"882",601,"108",1,1
"882",601,"109",1,1
"882",601,"11",1,4
"882",601,"112",1,3
"882",601,"113",1,8
"882",601,"114",1,7
"882",601,"115",1,8
"882",601,"116",1,1
"882",601,"118",1,1
"882",601,"119",1,2
"882",601,"12",1,13
"882",601,"122",1,1
"882",601,"124",1,6
"882",601,"125",1,1
"882",601,"126",1,5
"882",601,"127",1,7
"882",601,"128",1,5
"882",601,"129",1,3
"882",601,"131",1,6
"882",601,"132",1,1
"882",601,"133",1,2
"882",601,"134",1,4
"882",601,"135",1,1
"882",601,"137",1,5
"882",601,"138",1,2
"882",601,"139",1,1
"882",601,"14",1,8
"882",601,"140",1,2
"882",601,"142",1,2
"882",601,"143",1,2
"882",601,"145",1,3
"882",601,"146",1,2
"882",601,"147",1,2
"882",601,"148",1,1
"882",601,"149",1,1
"882",601,"15",1,3
"882",601,"150",1,1
"882",601,"151",1,1
"882",601,"152",1,1
"882",601,"154",1,1
"882",601,"156",1,1
"882",601,"159",1,1
"882",601,"16",1,3
"882",601,"160",1,5
"882",601,"161",1,1
"882",601,"162",1,1
"882",601,"163",1,1
"882",601,"165",1,7
"882",601,"166",1,6
"882",601,"167",1,1
"882",601,"168",1,1
"882",601,"169",1,2
"882",601,"170",1,1
"882",601,"171",1,5
"882",601,"172",1,2
"882",601,"173",1,1
"882",601,"174",1,3
"882",601,"175",1,1
"882",601,"176",1,2
"882",601,"177",1,2
"882",601,"178",1,1
"882",601,"180",1,2
"882",601,"181",1,17
"882",601,"182",1,2
"882",601,"183",1,1
"882",601,"184",1,2
"882",601,"185",1,1
"882",601,"186",1,1
"882",601,"187",1,1
"882",601,"188",1,3
"882",601,"189",1,1
"882",601,"190",1,1
"882",601,"191",1,1
"882",601,"192",1,1
"882",601,"193",1,1
"882",601,"194",1,1
"882",601,"195",1,2
"882",601,"196",1,2
"882",601,"198",1,2
"882",601,"199",1,1
"882",601,"201",1,3
"882",601,"202",1,1
"882",601,"203",1,1
"882",601,"204",1,1
"882",601,"205",1,1
"882",601,"206",1,1
"882",601,"207",1,1
"882",601,"208",1,1
"882",601,"209",1,1
"882",601,"21",1,1
"882",601,"210",1,2
"882",601,"211",1,1
"882",601,"212",1,1
"882",601,"213",1,3
"882",601,"214",1,1
"882",601,"216",1,4
"882",601,"217",1,1
"882",601,"218",1,1
"882",601,"219",1,1
"882",601,"22",9,12
"882",601,"220",1,3
"882",601,"221",1,1
"882",601,"222",1,1
"882",601,"223",1,3
"882",601,"227",1,6
"882",601,"228",1,4
"882",601,"229",1,3
"882",601,"23",1,4
"882",601,"230",1,1
"882",601,"231",1,2
"882",601,"232",1,1
"882",601,"234",1,1
"882",601,"235",1,2
"882",601,"237",1,2
"882",601,"238",1,2
"882",601,"239",1,14
"882",601,"24",1,1
"882",601,"240",1,2
"882",601,"241",1,1
"882",601,"242",1,2
"882",601,"244",1,1
"882",601,"245",1,1
"882",601,"246",1,4
"882",601,"247",1,3
"882",601,"248",1,6
"882",601,"249",1,1
"882",601,"25",1,1
"882",601,"252",1,2
"882",601,"253",1,1
"882",601,"254",1,1
"882",601,"255",1,1
"882",601,"256",1,1
"882",601,"258",1,1
"882",601,"259",1,1
"882",601,"26",1,1
"882",601,"260",1,1
"882",601,"261",1,1
"882",601,"262",1,1
"882",601,"263",1,2
"882",601,"266",1,1
"882",601,"267",1,2
"882",601,"269",1,1
"882",601,"27",1,1
"882",601,"270",1,1
"882",601,"272",1,1
"882",601,"273",1,1
"882",601,"274",1,1
"882",601,"275",1,2
"882",601,"276",1,3
"882",601,"277",1,1
"882",601,"278",1,5
"882",601,"279",1,1
"882",601,"280",1,1
"882",601,"281",1,1
"882",601,"282",1,1
"882",601,"283",1,1
"882",601,"284",1,4
"882",601,"287",1,1
"882",601,"288",1,1
"882",601,"289",1,2
"882",601,"29",1,1
"882",601,"290",1,1
"882",601,"291",1,2
"882",601,"292",1,1
"882",601,"293",1,1
"882",601,"294",1,1
"882",601,"295",1,1
"882",601,"296",1,1
"882",601,"297",1,4
"882",601,"299",1,1
"882",601,"3",1,2
"882",601,"30",1,5
"882",601,"300",1,1
"882",601,"305",1,1
"882",601,"306",1,1
"882",601,"309",1,2
"882",601,"310",1,1
"882",601,"311",1,3
"882",601,"312",1,5
"882",601,"313",1,1
"882",601,"314",1,1
"882",601,"317",1,1
"882",601,"319",1,1
"882",601,"32",1,1
"882",601,"321",1,3
"882",601,"322",1,1
"882",601,"324",1,2
"882",601,"325",1,1
"882",601,"326",1,1
"882",601,"327",1,2
"882",601,"33",1,2
"882",601,"330",1,1
"882",601,"332",1,2
"882",601,"333",1,1
"882",601,"338",1,1
"882",601,"339",1,2
"882",601,"34",1,1
"882",601,"340",1,1
"882",601,"341",1,2
"882",601,"342",1,1
"882",601,"343",1,1
"882",601,"344",1,3
"882",601,"345",1,2
"882",601,"346",1,2
"882",601,"347",1,1
"882",601,"349",1,1
"882",601,"35",1,1
"882",601,"350",1,1
"882",601,"351",1,2
"882",601,"352",1,2
"882",601,"353",1,1
"882",601,"354",1,1
"882",601,"355",1,1
"882",601,"356",1,2
"882",601,"357",1,1
"882",601,"359",1,1
"882",601,"36",1,1
"882",601,"360",1,2
"882",601,"361",1,1
"882",601,"362",1,1
"882",601,"363",1,1
"882",601,"364",1,1
"882",601,"366",1,1
"882",601,"367",1,1
"882",601,"368",1,1
"882",601,"369",1,1
"882",601,"37",1,1
"882",601,"370",1,1
"882",601,"372",1,1
"882",601,"374",1,4
"882",601,"375",1,1
"882",601,"376",1,1
"882",601,"377",1,1
"882",601,"378",1,1
"882",601,"379",1,1
"882",601,"38",1,6
"882",601,"380",1,3
"882",601,"381",1,1
"882",601,"383",1,1
"882",601,"384",1,1
"882",601,"385",1,2
"882",601,"386",1,2
"882",601,"389",1,1
"882",601,"39",1,1
"882",601,"390",1,1
"882",601,"391",1,1
"882",601,"392",1,1
"882",601,"393",1,1
"882",601,"394",1,4
"882",601,"395",1,1
"882",601,"396",1,1
"882",601,"397",1,1
"882",601,"398",1,3
"882",601,"399",1,1
"882",601,"400",1,1
"882",601,"401",1,8
"882",601,"402",1,4
"882",601,"403",1,1
"882",601,"404",1,1
"882",601,"405",1,1
"882",601,"406",1,1
"882",601,"407",1,4
"882",601,"408",1,1
"882",601,"409",1,1
"882",601,"410",1,3
"882",601,"411",1,1
"882",601,"412",1,1
"882",601,"413",1,1
"882",601,"414",1,1
"882",601,"415",1,1
"882",601,"418",1,2
"882",601,"419",1,1
"882",601,"42",1,6
"882",601,"420",1,1
"882",601,"421",1,1
"882",601,"422",1,1
"882",601,"423",1,2
"882",601,"424",1,1
"882",601,"425",1,1
"882",601,"427",1,1
"882",601,"428",1,1
"882",601,"429",1,1
"882",601,"43",1,1
"882",601,"430",1,1
"882",601,"431",1,2
"882",601,"432",1,1
"882",601,"433",1,1
"882",601,"434",1,2
"882",601,"435",1,2
"882",601,"436",1,2
"882",601,"437",1,1
"882",601,"438",1,2
"882",601,"439",1,1
"882",601,"440",1,1
"882",601,"441",1,1
"882",601,"443",1,2
"882",601,"444",1,1
"882",601,"445",1,1
"882",601,"446",1,1
"882",601,"448",1,1
"882",601,"451",1,1
"882",601,"452",1,1
"882",601,"453",1,5
"882",601,"454",1,1
"882",601,"455",1,1
"882",601,"457",1,2
"882",601,"46",1,1
"882",601,"460",1,1
"882",601,"461",1,1
"882",601,"462",1,1
"882",601,"463",1,3
"882",601,"464",1,1
"882",601,"465",1,1
"882",601,"466",1,1
"882",601,"467",1,4
"882",601,"468",1,1
"882",601,"469",1,1
"882",601,"470",1,1
"882",601,"473",1,3
"882",601,"474",1,4
"882",601,"475",1,2
"882",601,"476",1,1
"882",601,"477",1,1
"882",601,"479",1,1
"882",601,"48",1,1
"882",601,"480",1,1
"882",601,"481",1,2
"882",601,"484",1,2
"882",601,"486",1,3
"882",601,"49",1,1
"882",601,"490",1,1
"882",601,"491",1,1
"882",601,"494",1,1
"882",601,"495",1,1
"882",601,"496",1,2
"882",601,"497",1,3
"882",601,"498",1,1
"882",601,"499",1,1
"882",601,"50",1,1
"882",601,"500",1,1
"882",601,"501",1,1
"882",601,"502",1,2
"882",601,"503",1,1
"882",601,"505",1,5
"882",601,"506",1,1
"882",601,"507",1,1
"882",601,"509",1,1
"882",601,"51",1,1
"882",601,"510",1,1
"882",601,"511",1,1
"882",601,"512",1,2
"882",601,"513",1,1
"882",601,"514",1,1
"882",601,"516",1,2
"882",601,"517",1,1
"882",601,"518",1,1
"882",601,"519",1,3
"882",601,"52",1,1
"882",601,"520",1,1
"882",601,"521",1,1
"882",601,"522",1,1
"882",601,"523",1,1
"882",601,"525",1,1
"882",601,"526",1,1
"882",601,"527",1,1
"882",601,"528",1,1
"882",601,"529",1,1
"882",601,"53",1,1
"882",601,"530",1,2
"882",601,"531",1,1
"882",601,"532",1,3
"882",601,"533",1,1
"882",601,"534",1,1
"882",601,"535",1,1
"882",601,"536",1,1
"882",601,"537",1,3
"882",601,"538",1,1
"882",601,"539",1,1
"882",601,"540",1,1
"882",601,"541",1,1
"882",601,"543",1,1
"882",601,"544",1,1
"882",601,"545",1,2
"882",601,"546",1,1
"882",601,"547",1,2
"882",601,"548",1,1
"882",601,"549",1,1
"882",601,"55",1,6
"882",601,"550",1,1
"882",601,"551",1,1
"882",601,"552",1,1
"882",601,"553",1,1
"882",601,"554",1,1
"882",601,"555",1,1
"882",601,"557",1,1
"882",601,"558",1,1
"882",601,"559",1,1
"882",601,"560",1,1
"882",601,"561",1,2
"882",601,"562",1,1
"882",601,"563",1,1
"882",601,"564",1,1
"882",601,"565",1,1
"882",601,"566",1,1
"882",601,"567",1,1
"882",601,"568",1,1
"882",601,"569",1,1
"882",601,"57",1,1
"882",601,"570",1,2
"882",601,"571",1,1
"882",601,"572",1,1
"882",601,"573",1,1
"882",601,"574",1,1
"882",601,"576",1,1
"882",601,"577",1,1
"882",601,"578",1,1
"882",601,"579",1,1
"882",601,"58",1,1
"882",601,"580",1,1
"882",601,"581",1,1
"882",601,"582",1,2
"882",601,"583",1,1
"882",601,"584",1,1
"882",601,"587",1,2
"882",601,"588",1,1
"882",601,"589",1,1
"882",601,"59",1,1
"882",601,"591",1,1
"882",601,"592",1,1
"882",601,"593",1,2
"882",601,"594",1,1
"882",601,"595",1,2
"882",601,"596",1,3
"882",601,"597",1,1
"882",601,"598",1,1
"882",601,"599",1,1
"882",601,"6",1,2
"882",601,"60",1,1
"882",601,"600",1,2
"882",601,"601",1,1
"882",601,"602",1,1
"882",601,"603",1,1
"882",601,"604",1,2
"882",601,"605",1,1
"882",601,"606",1,1
"882",601,"607",1,1
"882",601,"608",1,1
"882",601,"61",1,4
"882",601,"610",1,1
"882",601,"611",1,1
"882",601,"612",1,1
"882",601,"613",1,1
"882",601,"614",1,1
"882",601,"615",1,1
"882",601,"616",1,2
"882",601,"618",1,2
"882",601,"619",1,1
"882",601,"62",1,1
"882",601,"620",1,1
"882",601,"621",1,1
"882",601,"622",1,1
"882",601,"623",1,1
"882",601,"624",1,1
"882",601,"625",1,2
"882",601,"626",1,1
"882",601,"627",1,2
"882",601,"628",1,2
"882",601,"629",1,2
"882",601,"63",1,4
"882",601,"631",1,1
"882",601,"632",1,1
"882",601,"633",1,1
"882",601,"634",1,1
"882",601,"635",1,3
"882",601,"636",1,2
"882",601,"638",1,2
"882",601,"639",1,1
"882",601,"64",1,2
"882",601,"640",1,4
"882",601,"641",1,1
"882",601,"643",1,1
"882",601,"644",1,1
"882",601,"645",1,1
"882",601,"646",1,1
"882",601,"647",1,1
"882",601,"648",1,3
"882",601,"649",1,1
"882",601,"65",1,3
"882",601,"650",1,1
"882",601,"654",1,1
"882",601,"655",1,1
"882",601,"656",1,1
"882",601,"658",1,1
"882",601,"660",1,1
"882",601,"662",1,2
"882",601,"663",1,1
"882",601,"664",1,1
"882",601,"665",1,1
"882",601,"666",1,1
"882",601,"667",1,3
"882",601,"669",1,1
"882",601,"678",1,1
"882",601,"679",1,1
"882",601,"68",1,1
"882",601,"680",1,1
"882",601,"681",1,1
"882",601,"682",1,1
"882",601,"683",1,1
"882",601,"684",1,1
"882",601,"686",1,1
"882",601,"687",1,1
"882",601,"688",1,1
"882",601,"689",1,1
"882",601,"69",1,1
"882",601,"690",1,1
"882",601,"691",1,1
"882",601,"692",1,2
"882",601,"693",1,1
"882",601,"694",1,1
"882",601,"695",1,1
"882",601,"696",1,1
"882",601,"697",1,1
"882",601,"698",1,1
"882",601,"699",1,1
"882",601,"70",1,1
"882",601,"700",1,2
"882",601,"701",1,1
"882",601,"702",1,2
"882",601,"703",1,1
"882",601,"704",1,1
"882",601,"705",1,1
"882",601,"706",1,1
"882",601,"707",1,1
"882",601,"708",1,1
"882",601,"71",1,4
"882",601,"710",1,1
"882",601,"711",1,1
"882",601,"712",1,1
"882",601,"714",1,1
"882",601,"715",1,1
"882",601,"716",1,1
"882",601,"717",1,1
"882",601,"718",1,2
"882",601,"719",1,1
"882",601,"720",1,1
"882",601,"721",1,1
"882",601,"722",1,1
"882",601,"723",1,2
"882",601,"725",1,1
"882",601,"727",1,1
"882",601,"728",1,1
"882",601,"729",1,1
"882",601,"73",1,2
"882",601,"730",1,1
"882",601,"731",1,3
"882",601,"732",1,1
"882",601,"733",1,1
"882",601,"734",1,1
"882",601,"735",1,1
"882",601,"736",1,1
"882",601,"737",1,1
"882",601,"738",1,1
"882",601,"739",1,2
"882",601,"74",1,5
"882",601,"740",1,1
"882",601,"741",1,1
"882",601,"742",1,1
"882",601,"743",1,1
"882",601,"746",1,1
"882",601,"747",1,1
"882",601,"748",1,1
"882",601,"751",1,1
"882",601,"752",1,1
"882",601,"753",1,2
"882",601,"754",1,1
"882",601,"755",1,1
"882",601,"757",1,1
"882",601,"758",1,1
"882",601,"759",1,1
"882",601,"76",1,2
"882",601,"760",1,1
"882",601,"761",1,1
"882",601,"762",1,1
"882",601,"763",1,1
"882",601,"764",1,1
"882",601,"765",1,1
"882",601,"767",1,1
"882",601,"768",1,2
"882",601,"77",1,1
"882",601,"770",1,3
"882",601,"771",1,1
"882",601,"772",1,1
"882",601,"773",1,1
"882",601,"774",1,1
"882",601,"775",1,1
"882",601,"776",1,1
"882",601,"777",1,1
"882",601,"78",1,1
"882",601,"780",1,1
"882",601,"781",1,1
"882",601,"782",1,1
"882",601,"783",1,1
"882",601,"784",1,1
"882",601,"785",1,1
"882",601,"786",1,1
"882",601,"788",1,1
"882",601,"789",1,1
"882",601,"79",1,2
"882",601,"790",1,1
"882",601,"791",1,1
"882",601,"792",1,1
"882",601,"793",1,1
"882",601,"794",1,1
"882",601,"797",1,1
"882",601,"798",1,1
"882",601,"799",1,1
"882",601,"80",1,1
"882",601,"800",1,1
"882",601,"801",1,1
"882",601,"802",1,1
"882",601,"803",1,1
"882",601,"804",1,1
"882",601,"805",1,1
"882",601,"806",1,1
"882",601,"807",1,3
"882",601,"810",1,1
"882",601,"811",1,1
"882",601,"812",1,1
"882",601,"813",1,2
"882",601,"814",1,1
"882",601,"815",1,2
"882",601,"816",1,3
"882",601,"817",1,1
"882",601,"818",1,1
"882",601,"819",1,1
"882",601,"820",1,1
"882",601,"821",1,1
"882",601,"822",1,1
"882",601,"823",1,1
"882",601,"824",1,1
"882",601,"825",1,1
"882",601,"826",1,1
"882",601,"827",1,1
"882",601,"828",1,1
"882",601,"829",1,1
"882",601,"83",1,1
"882",601,"830",1,1
"882",601,"831",1,1
"882",601,"832",1,1
"882",601,"833",1,1
"882",601,"834",1,1
"882",601,"835",1,1
"882",601,"836",1,1
"882",601,"837",1,1
"882",601,"838",1,1
"882",601,"839",1,1
"882",601,"840",1,1
"882",601,"841",1,1
"882",601,"842",1,1
"882",601,"843",1,1
"882",601,"844",1,1
"882",601,"846",1,2
"882",601,"847",1,1
"882",601,"848",1,3
"882",601,"849",1,1
"882",601,"85",1,5
"882",601,"851",1,1
"882",601,"852",1,1
"882",601,"853",1,1
"882",601,"854",1,1
"882",601,"856",1,1
"882",601,"857",1,1
"882",601,"858",1,1
"882",601,"859",1,1
"882",601,"86",1,1
"882",601,"860",1,1
"882",601,"861",1,1
"882",601,"870",1,1
"882",601,"871",1,1
"882",601,"879",1,1
"882",601,"88",1,3
"882",601,"880",1,1
"882",601,"881",1,1
"882",601,"882",601,1910
"882",601,"89",1,2
"882",601,"90",1,1
"882",601,"91",1,1
"882",601,"92",1,3
"882",601,"93",1,1
"882",601,"94",1,1
"882",601,"95",1,3
"882",601,"96",1,5
"882",601,"97",1,1
"882",601,"98",1,1
"882",601,"99",1,2
"884",1,"883",1,1
"886",1,"22",9,1
"886",1,"882",601,1
"886",1,"884",1,1
"886",1,"885",1,1
"889",1,"867",1,1
"889",1,"868",1,1
"891",1,"867",1,1
"891",1,"868",1,1
"891",1,"869",1,1
"891",1,"887",1,1
"891",1,"888",1,1
"891",1,"889",1,1
"891",1,"890",1,1
"892",1,"867",1,1
"892",1,"868",1,1
"892",1,"869",1,1
"894",1,"867",1,1
"894",1,"869",1,1
"894",1,"891",1,1
"894",1,"892",1,1
"894",1,"893",1,1
"895",1,"867",1,1
"895",1,"869",1,1
"895",1,"889",1,1
"895",1,"891",1,1
"895",1,"892",1,1
"896",1,"867",1,1
"896",1,"869",1,1
"896",1,"894",1,1
"896",1,"895",1,1
"897",1,"896",1,1
"898",1,"114",1,1
"899",1,"882",601,1
"9",1,"7",1,1
"9",1,"8",1,1
"900",1,"882",601,1
"901",1,"129",1,1
"901",1,"831",1,1
"903",1,"144",1,1
"903",1,"603",1,1
"903",1,"857",1,1
"903",1,"882",601,1
"903",1,"901",1,1
"903",1,"902",1,1
"904",1,"265",1,1
"905",1,"882",601,1
"906",1,"905",1,1
"907",1,"882",601,1
"91",1,"90",1,1
"910",1,"908",1,1
"910",1,"909",1,1
"911",1,"908",1,1
"911",1,"909",1,1
"912",1,"908",1,1
"912",1,"909",1,1
"913",1,"908",1,1
"913",1,"909",1,1
"914",1,"908",1,1
"914",1,"909",1,1
"915",1,"207",1,1
"915",1,"910",1,1
"915",1,"911",1,1
"915",1,"912",1,1
"915",1,"913",1,1
"915",1,"914",1,1
"916",1,"915",1,1
"918",1,"917",1,1
"919",1,"918",1,1
"921",1,"465",1,1
"922",1,"921",1,1
"923",1,"22",9,2
"924",1,"165",1,1
"925",1,"145",1,1
"926",1,"882",601,2
"927",1,"926",1,1
"928",1,"22",9,1
"929",1,"882",601,1
"930",1,"376",1,1
"931",1,"882",601,1
"932",1,"367",1,1
"932",1,"931",1,1
"933",1,"32",1,1
"935",1,"686",1,1
"937",1,"743",1,1
"937",1,"882",601,2
"937",1,"936",1,1
"939",1,"938",1,1
"940",1,"124",1,1
"940",1,"196",1,1
"940",1,"882",601,6
"940",1,"937",1,1
"940",1,"939",1,1
"941",1,"882",601,1
"942",1,"794",1,1
"942",1,"882",601,1
"943",1,"942",1,1
"944",1,"854",1,1
"945",1,"882",601,2
"946",1,"687",1,1
"947",1,"365",1,1
"947",1,"946",1,1
"948",1,"947",1,1
"95",1,"34",1,1
"95",1,"93",1,1
"95",1,"94",1,1
"950",1,"882",601,1
"951",1,"196",1,1
"951",1,"882",601,1
"953",1,"568",1,1
"954",1,"22",9,1
"956",1,"882",601,1
"958",1,"957",1,1
"959",1,"882",601,1
"960",1,"882",601,1
"961",1,"81",1,1
"961",1,"882",601,1
"962",1,"961",1,1
"963",1,"962",1,1
"964",1,"385",1,1
"966",1,"425",1,1
"966",1,"718",1,1
"966",1,"965",1,1
"968",1,"966",1,1
"968",1,"967",1,1
"970",1,"32",1,1
"970",1,"543",1,1
"970",1,"968",1,1
"970",1,"969",1,1
"972",1,"22",9,1
"974",1,"882",601,1
"975",1,"256",1,1
"975",1,"882",601,3
"975",1,"974",1,1
"976",1,"973",1,1
"976",1,"975",1,1
"977",1,"125",1,1
"977",1,"408",1,1
"977",1,"409",1,1
"977",1,"882",601,1
"978",1,"882",601,1
"979",1,"945",1,1
"98",1,"96",1,1
"981",1,"839",1,1
"982",1,"882",601,1
"983",1,"882",601,1
"984",1,"23",1,1
"984",1,"882",601,1
"985",1,"984",1,1
"986",1,"882",601,6
"986",1,"982",1,1
"986",1,"983",1,1
"986",1,"985",1,1
"988",1,"985",1,1
"988",1,"986",1,1
"988",1,"987",1,1
"990",1,"882",601,1
"990",1,"975",1,1
"990",1,"989",1,1
"992",1,"515",1,1
"993",1,"991",1,1
"993",1,"992",1,1
"995",1,"882",601,1
"996",1,"240",1,1
"996",1,"995",1,1
"997",1,"126",1,1
"997",1,"996",1,1
"998",1,"882",601,1
"999",1,"961",1,1
